date,XLB,XLC,XLE,XLF,XLI,XLK,XLP,XLRE,XLU,XLV,XLY
2019-01-02,49.73539352416992,41.4692497253418,54.78986358642578,23.536434173583984,63.437015533447266,61.21158981323242,49.12971115112305,29.362154006958008,50.43130874633789,83.28443145751953,98.4270477294922
2019-01-03,48.32501602172851,40.77528381347656,54.246463775634766,23.007307052612305,61.50667190551758,58.12239074707031,48.84746551513672,29.49786376953125,50.42161178588867,81.59333801269531,96.29590606689452
2019-01-04,50.22510528564453,42.5300178527832,56.0921516418457,23.771604537963867,63.83877182006836,60.6983642578125,49.88884353637695,29.798368453979492,51.168243408203125,84.02733612060547,99.48274230957033
2019-01-07,50.401405334472656,43.01579284667969,56.925994873046875,23.80099868774414,64.35810089111328,61.2411994934082,49.82072067260742,30.050405502319336,50.81917190551758,84.34991455078125,101.7322769165039
2019-01-08,50.9302978515625,43.73949432373047,57.366336822509766,23.82059860229492,65.239990234375,61.75442123413086,50.27814483642578,30.573863983154297,51.44944381713867,85.0048599243164,102.85704040527344
2019-01-09,50.94988632202149,43.79897689819336,58.275123596191406,23.93818092346191,65.68092346191406,62.553863525390625,49.81098556518555,30.447845458984375,51.139156341552734,85.38609313964844,103.37995910644533
2019-01-10,51.400421142578125,43.88820266723633,58.44377136230469,23.947980880737305,66.5726089477539,62.8302116394043,50.10295867919922,30.932527542114254,51.80821228027344,85.55225372314453,103.083984375
2019-01-11,51.19474411010742,43.67009735107422,58.09711456298828,24.006771087646484,66.5040283203125,62.7117805480957,50.24895095825195,30.99069023132324,51.614280700683594,85.83574676513672,103.18264770507812
2019-01-14,50.80297088623047,43.511478424072266,57.95658493041992,24.173351287841797,66.49422454833984,62.12946701049805,50.00563430786133,30.893754959106445,50.450706481933594,84.88754272460938,102.55119323730467
2019-01-15,50.46996307373047,44.23518371582031,58.16270065307617,24.3889217376709,66.2884521484375,63.06708526611328,50.501991271972656,31.24272727966309,51.07127380371094,86.41248321533203,103.4786376953125
2019-01-16,50.66585159301758,44.04682540893555,58.08774948120117,24.90825080871582,66.35704040527344,63.12629699707031,50.22948455810547,31.38813209533691,51.25551223754883,86.2560806274414,103.2418441772461
2019-01-17,51.557132720947266,44.22526931762695,58.62178039550781,25.04543113708496,67.49369812011719,63.53095626831055,50.443599700927734,31.543230056762695,51.46883773803711,87.01853942871094,103.94234466552734
2019-01-18,52.40923309326172,44.58216857910156,59.811641693115234,25.47657585144043,68.77733612060547,64.49818420410156,51.04701232910156,31.659557342529297,51.52701187133789,88.05471801757812,105.3828353881836
2019-01-22,51.68445587158203,43.66019058227539,58.50935363769531,25.1826171875,67.35651397705078,63.41251373291016,50.579856872558594,31.601390838623047,51.62397766113281,87.44865417480469,103.80421447753906
2019-01-23,51.33185958862305,43.461910247802734,57.90974426269531,25.212011337280273,67.4544906616211,63.62965774536133,51.18326950073242,31.62078094482422,52.1475830078125,87.54639434814453,104.01141357421876
2019-01-24,51.05762481689453,43.66019058227539,58.21891403198242,25.27080345153809,67.7974624633789,64.1626205444336,50.55065155029297,31.746795654296875,52.419090270996094,86.81326293945312,104.44554138183594
2019-01-25,52.02725601196289,44.215354919433594,58.95906829833984,25.47657585144043,68.65974426269531,65.07061767578125,50.34627532958984,32.11516189575195,51.7015495300293,86.92078399658203,105.5998992919922
2019-01-28,51.94890594482422,43.82871627807617,58.36882019042969,25.398183822631836,68.00323486328125,64.20209503173828,50.56039047241211,32.4350471496582,51.459136962890625,85.93350982666016,104.98818969726562
2019-01-29,52.48759078979492,43.313201904296875,58.54682922363281,25.309995651245117,68.94390106201172,63.5112190246582,50.67717742919922,32.68708419799805,51.604583740234375,86.35382843017578,104.30741119384766
2019-01-30,53.045860290527344,43.93777084350586,59.37129592895508,25.45697593688965,70.02176666259766,65.48514556884766,51.01781463623047,32.95851135253906,52.002140045166016,87.53663635253906,106.359619140625
2019-01-31,52.25252151489258,45.73216247558594,59.755428314208984,25.417781829833984,70.32553100585938,65.41606140136719,51.96187210083008,33.27840042114258,53.09783935546875,88.63143920898438,107.32652282714844
2019-02-01,52.40923309326172,45.573543548583984,60.79538345336914,25.52556610107422,70.43331909179688,65.80097198486328,51.796417236328125,33.074832916259766,52.89421463012695,88.70964050292969,105.7577667236328
2019-02-04,52.321083068847656,45.99983596801758,60.9359245300293,25.63335418701172,71.34459686279297,66.8570327758789,52.1273193359375,33.26870346069336,52.98147964477539,88.45549011230469,106.44841003417967
2019-02-05,52.70306396484375,46.50543594360352,61.02960586547851,25.56476402282715,71.96192169189453,67.41959381103516,52.137054443359375,33.491661071777344,53.0881462097168,88.32841491699219,107.4449234008789
2019-02-06,52.389652252197266,45.46449279785156,60.57990264892578,25.53536605834961,71.98152160644531,67.6466064453125,52.14678955078125,33.22993087768555,53.059051513671875,88.72919464111328,107.0009307861328
2019-02-07,51.66486740112305,45.028282165527344,59.240135192871094,25.28059959411621,71.49158477783203,66.71885681152344,52.10786056518555,33.51104736328125,53.757198333740234,87.75167846679688,106.1228256225586
2019-02-08,51.61589813232422,45.33561325073242,58.96842956542969,25.153217315673828,71.599365234375,67.10376739501953,52.35116958618164,33.51104736328125,53.98991775512695,87.91785430908203,105.69856262207033
2019-02-11,51.69425201416016,44.86966323852539,59.24950408935547,25.23160743713379,71.98152160644531,67.07416534423828,52.487430572509766,33.60797882080078,53.97052001953125,87.81033325195312,105.88602447509766
2019-02-12,52.849979400634766,45.38517761230469,59.999019622802734,25.603958129882812,73.09857177734375,67.96243286132812,52.89619064331055,33.37533950805664,54.09657669067383,89.01266479492188,107.51398468017578
2019-02-13,52.91853713989258,45.414920806884766,60.74853515625,25.672548294067383,73.52971649169922,68.05125427246094,52.99351501464844,33.598289489746094,53.941436767578125,89.20818328857422,108.2440948486328
2019-02-14,52.64429473876953,45.58345413208008,60.96403121948242,25.358989715576172,73.186767578125,68.1697006225586,52.39982986450195,33.724308013916016,53.85416793823242,89.41345977783203,107.84944152832033
2019-02-15,53.35927963256836,45.78173065185547,61.94777297973633,25.897918701171875,74.16664123535156,68.71253204345703,52.89619064331055,33.92787551879883,54.01900100708008,90.7624282836914,108.58941650390624
2019-02-19,53.692283630371094,45.831295013427734,62.135154724121094,25.93711280822754,74.13723754882812,68.73226165771484,53.168701171875,33.966651916503906,54.3389892578125,90.54737854003906,109.0334014892578
2019-02-20,54.612945556640625,45.67267990112305,62.397483825683594,26.103687286376953,74.48999786376953,68.81122589111328,53.07137680053711,33.753387451171875,54.58140182495117,90.43984985351562,109.2504653930664
2019-02-21,54.39747619628906,45.24638748168945,61.4324836730957,25.966508865356445,74.18623352050781,68.84083557128906,53.22709655761719,33.811553955078125,54.97895812988281,89.6480712890625,109.0334014892578
2019-02-22,54.63253402709961,45.67267990112305,61.610496520996094,25.927310943603516,74.6761703491211,69.71923065185547,52.97405242919922,34.00542449951172,55.318328857421875,90.46917724609376,109.6253890991211
2019-02-25,54.98513412475586,45.72224426269531,61.71355438232422,26.035097122192383,74.97013092041016,70.05480194091797,52.68207550048828,33.724308013916016,54.95956039428711,90.59625244140624,109.26033020019533
2019-02-26,54.67171478271485,45.72224426269531,61.516807556152344,25.956710815429688,74.76436614990234,70.20283508300781,52.711273193359375,33.656455993652344,54.89168548583984,90.27367401123048,109.4083251953125
2019-02-27,54.58356475830078,45.49422836303711,61.75102996826172,26.054697036743164,75.0583267211914,70.13375091552734,52.63341522216797,33.549827575683594,54.95956039428711,89.85334014892578,109.3293914794922
2019-02-28,53.91755676269531,45.52397155761719,61.13267517089844,25.986106872558594,74.80355072021484,69.93636322021484,52.88645553588867,33.64675521850586,55.279541015625,89.58941650390625,108.73741149902344
2019-03-01,53.8489990234375,45.88086700439453,62.2569465637207,26.15268325805664,74.87214660644531,70.41011047363281,52.78913497924805,33.60797882080078,55.39590072631836,90.86019134521484,109.6155242919922
2019-03-04,54.09385299682617,45.94034957885742,62.369380950927734,25.986106872558594,74.53898620605469,70.14363098144531,52.70154571533203,33.74369812011719,55.49287033081055,89.62850952148438,109.27020263671876
2019-03-05,53.839202880859375,46.22784805297851,62.16325759887695,25.888118743896484,74.05885314941406,69.93636322021484,52.66261291503906,33.840633392333984,55.42499542236328,89.57964324951172,109.54645538330078
2019-03-06,53.95673370361328,46.20802688598633,61.37626647949219,25.72154235839844,73.3631362915039,69.57118225097656,52.584747314453125,33.753387451171875,55.42499542236328,88.26976776123047,109.0334014892578
2019-03-07,53.515987396240234,45.80155944824219,61.0108757019043,25.45697593688965,72.92219543457031,68.909912109375,52.24411392211914,33.724308013916016,55.609222412109375,87.57572174072266,107.7113037109375
2019-03-08,53.6041374206543,45.77181625366211,59.86785507202149,25.44717788696289,72.77521514892578,68.90003967285156,52.27330780029297,33.753387451171875,55.80315399169922,87.39000701904297,106.96146392822266
2019-03-11,54.36809158325195,46.59465789794922,60.80475616455078,25.711742401123047,73.39254760742188,70.3804931640625,52.95458221435547,34.276851654052734,56.200706481933594,88.3870620727539,108.43155670166016
2019-03-12,54.573768615722656,46.80284881591797,61.19825744628906,25.770532608032227,72.78501892089844,70.79502868652344,52.97405242919922,34.46102523803711,56.588565826416016,89.0322265625,108.73741149902344
2019-03-13,54.83821868896485,46.94163513183594,61.81660461425781,25.946908950805664,73.42192840576172,71.25889587402344,53.27576446533203,34.625823974609375,56.64674377441406,89.99018096923828,109.12220764160156
2019-03-14,54.426856994628906,46.73344802856445,61.8821907043457,26.044898986816406,73.17697143554688,71.40694427490234,53.22709655761719,34.71306610107422,56.63705062866211,89.84356689453125,108.7966079711914
2019-03-15,54.49473571777344,46.69670486450195,61.857643127441406,26.22709846496582,72.91875457763672,72.2713394165039,53.52850341796875,34.57072448730469,56.84218215942383,90.25662994384766,109.49456787109376
2019-03-18,54.62260437011719,46.29945373535156,62.71690368652344,26.49301528930664,73.62832641601562,72.57829284667969,53.606781005859375,34.395240783691406,56.62728118896485,90.1192626953125,110.55387115478516
2019-03-19,54.553749084472656,46.37890625,62.54694366455078,26.286191940307617,73.36224365234375,72.72681427001953,53.56764221191406,34.29774856567383,55.98257064819336,90.83551788330078,111.1082763671875
2019-03-20,54.50456619262695,46.796016693115234,63.094608306884766,25.74451065063477,72.85962677001953,72.5287857055664,53.342567443847656,34.4537353515625,56.129093170166016,90.20758056640624,111.26667022705078
2019-03-21,55.084930419921875,47.41175842285156,63.53839492797851,25.66572380065918,73.55934143066406,74.35066223144531,53.9688606262207,35.06793212890625,56.7249641418457,90.56079864501952,112.79127502441406
2019-03-22,53.44221878051758,46.64705276489258,61.81986618041992,24.95661735534668,71.89380645751953,72.59809875488281,53.90036392211914,34.90219497680664,57.13523864746094,88.9124526977539,110.55387115478516
2019-03-25,53.343849182128906,46.567596435546875,61.848201751708984,24.84828186035156,72.06136322021484,72.28125,54.00800323486328,34.93144989013672,57.184078216552734,88.86339569091797,111.207275390625
2019-03-26,53.668460845947266,46.796016693115234,62.73579025268555,25.14374351501465,72.54425811767578,72.67731475830078,54.46794128417969,35.14592742919922,57.5943489074707,89.47171783447266,111.68247985839844
2019-03-27,53.59960174560547,46.458351135253906,62.291996002197266,25.0354061126709,72.62310028076172,72.2614517211914,54.28200912475586,35.02893829345703,57.19384765625,88.72603607177734,111.45478057861328
2019-03-28,54.120941162109375,46.3491096496582,62.528053283691406,25.252077102661133,73.15528106689453,72.55848693847656,54.54622650146485,35.321414947509766,56.51982879638672,88.95170593261719,112.12798309326172
2019-03-29,54.59309768676758,46.44842147827149,62.433631896972656,25.32101821899414,73.9437026977539,73.27140045166016,54.908302307128906,35.31166458129883,56.82264709472656,90.02114868164062,112.71208190917967
2019-04-01,55.4095344543457,47.153541564941406,63.255123138427734,25.94148826599121,75.47126770019531,74.27145385742188,54.72236633300781,35.20442199707031,56.43191146850586,90.15852355957033,113.9495849609375
2019-04-02,55.59642791748047,47.401824951171875,62.82076644897461,25.921789169311523,75.44169616699219,74.52890014648438,54.272220611572266,35.506649017333984,56.51005935668945,89.95247650146484,113.9297866821289
2019-04-03,56.32433319091797,47.580589294433594,62.21644973754883,26.000579833984375,75.21501922607422,75.13288879394531,54.00800323486328,35.4676513671875,56.42214584350586,89.83473205566406,114.731689453125
2019-04-04,56.89485931396485,47.84872817993164,62.73579025268555,26.158159255981445,75.67821502685547,74.8160400390625,54.21350860595703,35.36041259765625,56.22677993774414,89.64832305908203,115.66230010986328
2019-04-05,56.87518310546875,47.98776626586914,63.840553283691406,26.197553634643555,75.89503479003906,75.17249298095703,54.399436950683594,35.633384704589844,56.7542724609375,90.26644134521484,116.34540557861328
2019-04-08,56.89485931396485,47.89838790893555,64.12384033203125,26.22709846496582,75.56981658935547,75.45964050292969,54.62451171875,35.45790481567383,56.353763580322266,90.246826171875,116.7612075805664
2019-04-09,56.48172378540039,48.027488708496094,63.340110778808594,26.01042938232422,74.54486846923828,75.10317993164062,54.55601119995117,35.35066223144531,56.49052810668945,90.01134490966797,115.7117919921875
2019-04-10,56.45221328735352,48.236045837402344,63.576175689697266,26.08921813964844,74.52516174316406,75.62796020507812,54.71258544921875,35.633384704589844,56.314697265625,90.04077911376953,116.26620483398438
2019-04-11,56.42270278930664,48.26584243774414,63.623382568359375,26.246797561645508,75.1657485961914,75.52894592285156,54.82022857666016,35.58464431762695,56.59797286987305,88.93207550048828,116.4146957397461
2019-04-12,57.170284271240234,48.682952880859375,63.7933464050293,26.72938346862793,76.16112518310547,76.05372619628906,54.996376037597656,35.77962875366211,56.86172103881836,88.11770629882812,117.1374053955078
2019-04-15,56.904693603515625,48.64322662353515,63.4156494140625,26.561954498291016,75.73735046386719,76.0240249633789,55.319305419921875,35.56514358520508,56.85195541381836,88.4709243774414,117.37500762939452
2019-04-16,57.16044616699219,48.69288635253906,63.831111907958984,26.936206817626953,76.20054626464844,76.41019439697266,55.32909393310547,34.72671127319336,56.14863204956055,86.6557846069336,117.88981628417967
2019-04-17,56.80632781982422,48.78226852416992,63.746131896972656,27.00514793395996,76.2990951538086,76.83595275878906,55.60309982299805,34.365989685058594,55.93372344970703,84.16365051269531,118.11750793457033
2019-04-18,56.87518310546875,48.81205749511719,63.443973541259766,26.92635726928711,77.17620849609375,77.05379486083984,55.65202331542969,34.63896560668945,55.96303176879883,84.30101013183594,118.0779037475586
2019-04-22,56.49156188964844,49.030548095703125,64.78480529785156,26.84756851196289,76.93968963623047,77.23201751708984,55.67159652709961,34.25874710083008,55.91419219970703,84.3500747680664,117.63240051269533
2019-04-23,56.747310638427734,49.686012268066406,64.68094635009766,27.014995574951172,77.60984802246094,78.07364654541016,55.495452880859375,34.648719787597656,56.07048797607422,85.68443298339844,119.03821563720705
2019-04-24,56.39319610595703,49.45758819580078,63.5478401184082,26.985448837280273,77.38317108154297,78.10334777832031,55.61288070678711,34.89244842529297,56.43191146850586,85.5863265991211,119.14710998535156
2019-04-25,55.67512512207031,50.01373672485352,63.34954452514648,27.03469467163086,75.8260498046875,78.08354187011719,55.26059341430664,34.853450775146484,56.66635513305664,86.4693603515625,118.52340698242188
2019-04-26,56.13744354248047,50.410987854003906,62.528053283691406,27.280912399291992,76.39764404296875,77.7864990234375,55.75967025756836,35.08743667602539,56.7542724609375,87.33279418945312,119.46392059326172
2019-04-29,56.029239654541016,50.867828369140625,62.471405029296875,27.55667495727539,76.57503509521484,77.80630493164062,55.82817077636719,34.72671127319336,56.42214584350586,87.17579650878906,119.0481185913086
2019-04-30,56.511234283447266,49.72573471069336,62.42418670654297,27.5960693359375,76.88055419921875,77.93502044677734,56.47403335571289,35.12643051147461,57.35013961791992,87.57807159423828,118.8699188232422
2019-05-01,55.48822784423828,49.467525482177734,61.17778015136719,27.369550704956055,76.37793731689453,77.73699951171875,55.779239654541016,35.12643051147461,56.7640380859375,87.42109680175781,117.42449951171876
2019-05-02,55.20296478271485,49.268898010253906,60.110782623291016,27.39909553527832,76.33851623535156,77.3310317993164,55.75967025756836,35.19467544555664,56.63705062866211,87.79393768310547,117.51360321044922
2019-05-03,55.74397277832031,49.74559783935547,60.66788864135742,27.645313262939453,77.26490783691406,78.06373596191406,56.180458068847656,35.43840408325195,56.94963836669922,88.46112060546875,118.89962005615234
2019-05-06,54.94721603393555,49.66614532470703,60.72454071044922,27.458187103271484,76.52577209472656,77.45975494384766,56.09238815307617,35.29216766357422,56.63705062866211,88.9124526977539,118.17691040039062
2019-05-07,53.98323059082031,48.861717224121094,60.19576644897461,27.00514793395996,74.97850036621094,75.79629516601562,55.53459548950195,34.68771743774414,56.461219787597656,87.20523071289062,116.38499450683594
2019-05-08,53.93404769897461,48.78226852416992,60.19576644897461,26.946056365966797,74.97850036621094,75.7071762084961,55.524810791015625,34.68771743774414,55.68951416015625,87.39165496826172,116.42459869384766
2019-05-09,53.51107025146485,48.63330078125,60.19576644897461,26.886962890625,74.8700942993164,75.19229888916016,55.40737533569336,34.80470657348633,55.62113571166992,87.20523071289062,115.94940185546876
2019-05-10,54.23897933959961,48.772335052490234,60.479042053222656,27.064239501953125,75.1657485961914,75.42993927001953,56.08260345458984,35.20442199707031,56.61751174926758,87.23467254638672,116.1176986694336
2019-05-13,53.01924133300781,47.26278305053711,59.44036865234375,26.276344299316406,73.02716827392578,72.58818817138672,55.55416488647461,35.20442199707031,57.2231559753418,85.59613800048828,112.66259002685548
2019-05-14,53.47172546386719,47.53092956542969,60.16743469238281,26.483165740966797,73.7860107421875,73.7565689086914,55.818382263183594,35.3311653137207,56.84218215942383,86.02783966064453,113.80107879638672
2019-05-15,53.334014892578125,48.59357452392578,60.479042053222656,26.384679794311523,73.88456726074219,74.55860900878906,56.25874710083008,35.56514358520508,56.744503021240234,86.28295135498047,114.5732879638672
2019-05-16,54.08159255981445,49.02061462402344,60.80952835083008,26.65059280395508,74.56458282470703,75.24180603027344,56.6991081237793,35.76987838745117,57.12546920776367,86.95994567871094,115.63260650634766
2019-05-17,53.75699234008789,48.66309356689453,60.19576644897461,26.473316192626953,73.73674774169922,74.63780975341797,56.51317596435547,35.721134185791016,57.41852188110352,86.77352142333984,114.7514877319336
2019-05-20,52.98972702026367,47.85866165161133,60.22409439086914,26.50286102294922,73.54948425292969,73.34071350097656,56.37617874145508,35.14592742919922,57.49666976928711,86.73428344726562,113.93968963623048
2019-05-21,53.80617141723633,48.3850212097168,60.92283248901367,26.778627395629883,74.416748046875,74.24175262451172,56.25874710083008,35.43840408325195,57.60411834716797,87.54864501953125,114.731689453125
2019-05-22,53.43238067626953,48.335357666015625,59.97858810424805,26.621047973632812,73.80572509765625,73.85558319091797,56.51317596435547,35.60414123535156,58.03392791748047,88.04903411865234,113.5535888671875
2019-05-23,52.615943908691406,47.660037994384766,57.967342376708984,26.246797561645508,72.6822280883789,72.55848693847656,56.49360275268555,35.77962875366211,58.53211212158203,87.744873046875,112.14777374267578
2019-05-24,52.911041259765625,47.65010452270508,58.184513092041016,26.45362091064453,72.71179962158203,72.57829284667969,56.28810501098633,35.828372955322266,58.4442024230957,87.8724136352539,112.29627990722656
2019-05-28,52.37986373901367,47.85866165161133,57.5802001953125,26.14830780029297,72.04164123535156,72.37035369873047,55.36824035644531,35.45790481567383,57.48690032958984,86.61654663085938,111.55377197265624
2019-05-29,52.38970184326172,47.39189529418945,57.21194076538086,26.09906768798828,71.71641540527344,71.94459533691406,54.96701431274414,35.04843521118164,56.7249641418457,85.78256225585938,110.56377410888672
2019-05-30,52.47822952270508,47.50113677978515,56.48487091064453,26.01042938232422,71.99237060546875,72.3901596069336,55.20187759399414,35.262916564941406,56.63705062866211,86.25352478027344,111.2864761352539
2019-05-31,51.88803482055664,46.7662239074707,55.493408203125,25.616477966308594,71.00685119628906,71.18216705322266,54.41901016235352,35.555397033691406,56.90079879760742,85.63538360595703,109.83116912841795
2019-06-03,53.52090835571289,45.29640197753906,56.20159912109375,25.78390884399414,71.48974609375,69.93457794189453,55.10402297973633,35.69188690185547,57.46736526489258,85.8414306640625,108.91046142578124
2019-06-04,55.02590560913086,46.26966094970703,57.17417526245117,26.483165740966797,73.19469451904297,72.2713394165039,55.60309982299805,35.49689865112305,57.516204833984375,87.26409912109375,111.86067962646484
2019-06-05,55.429203033447266,46.28952407836914,56.541526794433594,26.65059280395508,73.90428161621094,73.21199035644531,56.23917770385742,36.30608749389648,58.74701690673828,87.9214859008789,112.4150848388672
2019-06-06,56.088260650634766,46.4881477355957,57.58964538574219,26.749080657958984,74.03239440917969,74.06352996826172,56.826324462890625,36.37432861328125,59.10844802856445,88.37281036376953,112.9892807006836
2019-06-07,56.58992385864258,47.242923736572266,57.85403060913086,26.709686279296875,74.62371063232422,75.43983459472656,57.37433242797851,36.49131774902344,58.66887283325195,89.29510498046875,114.62279510498048
2019-06-10,56.688289642333984,47.20320129394531,58.02399444580078,26.936206817626953,74.72225952148438,76.212158203125,57.39390563964844,36.36457824707031,58.268367767333984,89.56002044677734,115.59300231933594
2019-06-11,56.64894485473633,47.401824951171875,58.13730239868164,26.946056365966797,74.08167266845703,76.212158203125,57.579833984375,36.432823181152344,57.91670608520508,89.412841796875,116.03849792480467
2019-06-12,56.835838317871094,47.17340850830078,57.31581115722656,26.680139541625977,74.2393569946289,75.78638458251953,57.66790390014648,36.569313049316406,58.66887283325195,89.84455108642578,116.00879669189452
2019-06-13,57.170284271240234,47.699764251708984,57.98622512817383,26.768779754638672,74.61386108398438,76.01412200927734,57.79512405395508,36.618064880371094,58.786094665527344,89.73661041259766,117.04830932617188
2019-06-14,56.92436599731445,47.78913879394531,57.608524322509766,26.827871322631836,74.31819915771484,75.35072326660156,57.82447814941406,36.774051666259766,59.40150451660156,89.53057861328125,117.30570220947266
2019-06-17,56.40303039550781,48.335357666015625,58.090091705322266,26.581653594970703,74.06196594238281,75.4101333618164,57.65811920166016,37.17376708984375,59.23543930053711,89.932861328125,117.35520935058594
2019-06-18,56.84567642211914,48.6035041809082,58.892704010009766,26.936206817626953,75.50082397460938,76.77654266357422,57.344970703125,37.066524505615234,58.99123001098633,90.69815826416016,118.2462158203125
2019-06-19,56.530906677246094,48.66309356689453,58.82660675048828,26.886962890625,75.44169616699219,77.05379486083984,57.579833984375,37.31025695800781,59.44057083129883,91.51251220703124,118.4640121459961
2019-06-20,57.24897766113281,48.97096252441406,60.129669189453125,27.00514793395996,76.70316314697266,78.18256378173828,58.08869552612305,37.53448486328125,59.8215446472168,91.914794921875,119.28572082519533
2019-06-21,57.066898345947266,49.17802429199219,60.56417465209961,26.94476318359375,76.29437255859375,77.81292724609375,57.90036392211914,37.114891052246094,60.05293273925781,92.3562240600586,118.7333755493164
2019-06-24,57.28460311889648,49.2974853515625,60.02104187011719,26.83587646484375,76.14590454101562,77.96197509765625,58.04826736450195,36.92818832397461,60.0726203918457,91.87340545654295,118.09757995605467
2019-06-25,57.31428527832031,48.38161849975586,59.54460906982422,26.74678611755371,75.57181549072266,76.53111267089844,58.0186882019043,36.427032470703125,59.708309173583984,91.4989776611328,116.965087890625
2019-06-26,57.21533203125,48.192474365234375,60.4593620300293,26.69729232788086,75.75988006591797,77.35584259033203,57.19041061401367,35.719520568847656,58.40858840942383,90.34613037109376,117.34259796142578
2019-06-27,57.403343200683594,48.53094482421875,60.011512756347656,26.93486595153809,75.82916259765625,77.55458068847656,57.29887771606445,36.014320373535156,58.487361907958984,90.97673797607422,118.07772064208984
2019-06-28,57.888221740722656,48.998836517333984,60.70710754394531,27.3209228515625,76.63090515136719,77.54463958740234,57.25943374633789,36.13223648071289,58.71382522583008,91.2822036743164,118.4154815673828
2019-07-01,58.333518981933594,49.39703750610352,60.76427459716797,27.64758682250977,76.7001953125,78.77676391601562,57.604549407958984,36.06344985961914,58.566131591796875,91.7354507446289,119.45857238769533
2019-07-02,58.27414321899414,49.8549690246582,59.792354583740234,27.57829475402832,76.60121154785156,78.98543548583984,58.10742950439453,36.731658935546875,59.36368942260742,92.22811889648438,119.71686553955078
2019-07-03,58.571006774902344,50.11380386352539,60.03057098388672,27.796070098876953,77.0268325805664,79.59156036376953,58.82724380493164,37.26229095458984,59.7772331237793,93.0164031982422,120.75994873046876
2019-07-05,58.303829193115234,50.18348693847656,60.116329193115234,27.875259399414062,76.7199935913086,79.44251251220703,58.57086944580078,37.05593490600586,59.7476921081543,92.3759307861328,120.8990249633789
2019-07-08,57.63094329833984,49.735504150390625,60.20208358764648,27.736675262451172,76.08651733398438,78.83638763427734,58.64975357055664,37.193504333496094,59.83631134033203,91.68619537353516,121.04803466796876
2019-07-09,57.066898345947266,50.04411315917969,60.249725341796875,27.786169052124023,75.91824340820312,79.11460876464844,58.30463790893555,37.39003372192383,59.91508102416992,91.77487182617188,121.17719268798828
2019-07-10,56.94815444946289,50.61155700683594,61.02154922485352,27.68718147277832,75.74008178710938,79.74061584472656,58.6793327331543,37.59639358520508,60.05293273925781,92.09017944335938,121.61428833007812
2019-07-11,57.19554138183594,50.64141845703125,61.14542388916016,27.845561981201172,76.25477600097656,80.03871154785156,58.82724380493164,37.114891052246094,60.0726203918457,92.1098861694336,121.86264038085938
2019-07-12,57.759578704833984,51.009761810302734,61.4026985168457,28.033641815185547,77.59101867675781,80.62496185302734,58.994873046875,36.96749496459961,59.67877197265625,91.08512878417967,123.26336669921876
2019-07-15,57.799163818359375,51.01971435546875,60.85003662109375,27.875259399414062,77.27428436279297,80.89325714111328,59.13291549682617,37.01662826538086,59.91508102416992,91.2822036743164,123.66072845458984
2019-07-16,57.93769836425781,50.90025329589844,60.20208358764648,27.805967330932617,77.76918029785156,80.13806915283203,59.15263748168945,36.95766830444336,59.570457458496094,90.82894897460938,123.50178527832033
2019-07-17,57.42313766479492,50.42240905761719,59.516021728515625,27.56839370727539,76.10630798339844,79.92940521240234,59.08361053466797,36.77096176147461,59.79692840576172,90.84864807128906,122.31961059570312
2019-07-18,57.6705207824707,50.014251708984375,59.52555465698242,27.77627182006836,76.24488067626953,80.52559661865234,59.47802734375,36.761138916015625,60.31877899169922,91.36103057861328,122.16067504882812
2019-07-19,57.799163818359375,49.36717224121094,59.8018798828125,27.65748405456543,76.66059875488281,80.17781829833984,59.103328704833984,36.16171646118164,59.44245529174805,90.41510009765624,121.3560028076172
2019-07-22,57.65073013305664,49.55631637573242,60.07821273803711,27.716876983642575,76.7199935913086,81.10192108154297,58.75822067260742,36.12240982055664,59.314453125,90.2278823852539,121.42554473876952
2019-07-23,58.83818435668945,49.74546432495117,60.240203857421875,28.00394630432129,77.68999481201172,81.54905700683594,59.18221664428711,36.476165771484375,58.9402961730957,90.7895278930664,122.25007629394533
2019-07-24,58.79859924316406,50.18348693847656,60.49747848510742,28.291013717651367,78.02654266357422,82.22473907470703,58.78779983520508,36.44668960571289,58.989524841308594,90.83879089355467,122.86599731445312
2019-07-25,58.37310028076172,50.05406951904297,59.8114128112793,28.093034744262695,77.86817169189453,81.88690185546875,58.86668014526367,36.28946304321289,58.841827392578125,90.39539337158205,122.18053436279295
2019-07-26,58.44236755371094,51.48760223388672,59.506492614746094,28.39990234375,77.69989776611328,82.06575775146484,59.52732849121094,36.407379150390625,59.058448791503906,90.7205581665039,122.73685455322266
2019-07-29,58.24446105957031,51.19890594482422,59.26827621459961,28.182125091552734,77.56133270263672,82.01607513427734,59.63579559326172,36.54494857788086,59.36368942260742,91.09498596191406,122.14080047607422
2019-07-30,58.63037872314453,50.95998001098633,59.93528366088867,28.102933883666992,77.89785766601562,81.48944091796875,59.81328201293945,36.90853500366211,58.9107551574707,90.70084381103516,121.3162612915039
2019-07-31,57.72989273071289,50.55182266235352,59.74471282958984,27.9643497467041,77.0268325805664,80.25730895996094,58.6004524230957,36.761138916015625,58.63505172729492,89.80419158935547,119.92547607421876
2019-08-01,57.403343200683594,50.31290435791016,58.391639709472656,27.330821990966797,75.53221893310547,79.84991455078125,58.39338302612305,36.84957504272461,59.23568344116211,89.92242431640625,118.29627990722656
2019-08-02,56.73046112060547,49.825103759765625,57.55311965942383,27.3209228515625,75.04721069335938,78.54822540283203,58.40324401855469,37.134544372558594,59.22583770751953,89.71550750732422,117.32271575927734
2019-08-05,55.66175079345703,48.21238327026367,55.83795928955078,26.41022491455078,72.96862030029297,75.26918029785156,56.88473892211914,36.427032470703125,58.379051208496094,87.60687255859375,114.173583984375
2019-08-06,55.73101806640625,48.90924072265625,55.77125930786133,26.83587646484375,74.06730651855469,76.52117919921875,57.39748001098633,36.87905502319336,59.10768127441406,88.74000549316406,115.91207122802734
2019-08-07,56.50286102294922,48.96896743774414,55.35199737548828,26.479516983032227,74.0277099609375,76.99812316894531,58.067989349365234,37.22298431396485,59.255374908447266,88.76956939697266,116.37897491455078
2019-08-08,57.58146286010742,49.95452117919922,56.94327926635742,26.984359741210938,75.2847671508789,78.88607025146484,58.8173828125,37.81258010864258,59.86585235595703,89.95198059082031,118.62410736083984
2019-08-09,57.12627410888672,49.39703750610352,56.31438827514648,26.8952693939209,74.65129089355469,77.99178314208984,58.49198913574219,37.80275344848633,59.93477249145508,90.06037139892578,117.511474609375
2019-08-12,56.23569107055664,48.84950637817383,55.64738464355469,26.38052749633789,73.62188720703125,76.96832275390625,58.09756851196289,37.76344680786133,59.81661605834961,89.18342590332031,115.80278778076172
2019-08-13,56.83930587768555,49.586185455322266,56.16193389892578,26.707191467285156,74.50281524658203,78.89600372314453,58.75822067260742,37.79292297363281,59.85600662231445,90.34613037109376,117.71015167236328
2019-08-14,55.03833770751953,47.82413864135742,53.9608154296875,25.717302322387695,72.22626495361328,76.47149658203125,57.83134078979492,37.203330993652344,59.36368942260742,87.83349609375,114.02456665039062
2019-08-15,55.058128356933594,47.90377426147461,53.6273078918457,25.84598922729492,72.14707946777344,76.33238220214844,58.69905471801758,37.72413635253906,60.1317024230957,88.13895416259766,113.8358154296875
2019-08-16,56.02788162231445,48.520992279052734,54.332427978515625,26.30133628845215,73.54270935058594,77.78311920166016,59.36956405639648,37.98945617675781,60.43693923950195,89.22283172607422,115.12726593017578
2019-08-19,56.473175048828125,49.2775764465332,55.53303909301758,26.568607330322266,74.2355728149414,78.96556091308594,59.96118927001953,38.3333854675293,60.820945739746094,90.08007049560548,116.57765197753906
2019-08-20,55.810184478759766,48.94905471801758,55.066139221191406,26.21224594116211,73.800048828125,78.56809997558594,59.310401916503906,38.04841613769531,60.72248077392578,89.31151580810547,116.60745239257812
2019-08-21,56.09714889526367,49.13820266723633,55.418697357177734,26.331035614013672,74.25536346435547,79.49219512939453,59.468170166015625,38.20563888549805,61.12618637084961,89.9716796875,118.8525848388672
2019-08-22,55.72112655639648,49.02870178222656,55.170955657958984,26.509214401245117,74.36425018310547,79.30339813232422,59.7837028503418,38.3923454284668,61.18526077270508,89.52828979492188,118.88238525390624
2019-08-23,54.37534713745117,47.68476486206055,53.322391510009766,25.836088180541992,72.37474060058594,76.68016052246094,58.78779983520508,37.91084289550781,60.535404205322266,87.45906829833984,115.72331237792967
2019-08-26,54.553466796875,48.40152740478515,53.551082611083984,26.08356285095215,72.90923309326172,77.74337005615234,59.51747131347656,38.26459884643555,61.234493255615234,88.37543487548828,116.86575317382812
2019-08-27,54.59304428100586,48.49112319946289,53.21757888793945,25.92517852783203,72.5331039428711,77.62413787841797,59.3498420715332,38.13685607910156,61.342803955078125,87.85321044921875,116.28956604003906
2019-08-28,55.018550872802734,48.61058807373047,53.9798698425293,26.162752151489254,73.42393493652344,77.69368743896484,59.92174530029297,38.24494552612305,61.1754150390625,88.49366760253906,117.73995208740234
2019-08-29,55.72112655639648,49.36717224121094,54.770748138427734,26.55870819091797,74.68098449707031,79.04505920410156,59.95132827758789,38.52008819580078,61.59881210327149,89.16370391845703,119.50824737548828
2019-08-30,56.09714889526367,49.30744171142578,54.770748138427734,26.647798538208008,74.98782348632812,79.02518463134766,59.8724479675293,38.52991485595703,61.61850357055664,89.27208709716797,118.79298400878906
2019-09-03,55.65185546875,48.81964492797851,54.50394821166992,26.370628356933594,73.96833038330078,78.06133270263672,60.217559814453125,39.080204010009766,62.711448669433594,88.74987030029297,118.3061981201172
2019-09-04,56.33464431762695,49.76537322998047,55.266239166259766,26.628000259399418,74.90863800048828,79.39283752441406,60.75988006591797,39.40447998046875,62.77052688598633,88.8089828491211,119.47843933105467
2019-09-05,56.423702239990234,50.61155700683594,55.952301025390625,27.172441482543945,76.25477600097656,81.05223083496094,60.38518524169922,39.060550689697266,62.09112930297851,89.6859359741211,121.76329803466795
2019-09-06,56.64139938354492,50.50204849243164,56.2476921081543,27.162540435791016,76.41314697265625,80.98267364501953,60.582393646240234,39.10968399047851,61.844970703125,89.9322738647461,122.06133270263672
2019-09-09,56.34453201293945,50.66132736206055,57.372074127197266,27.57829475402832,76.64080810546875,80.37654876708984,60.44435119628906,38.814884185791016,61.53973388671875,89.1045913696289,122.52822875976562
2019-09-10,56.898677825927734,50.731014251708984,58.04860305786133,27.67728042602539,77.34356689453125,79.96915435791016,60.06965255737305,38.24494552612305,61.61850357055664,89.36077880859375,122.0414581298828
2019-09-11,57.442928314208984,50.99980163574219,58.10578155517578,27.835664749145508,78.06613159179688,80.80381774902344,60.28657913208008,38.15650939941406,62.228973388671875,90.2475814819336,122.26994323730467
2019-09-12,57.888221740722656,51.14912796020508,57.743690490722656,27.984148025512695,78.11561584472656,81.24102783203125,60.5330924987793,38.38251876831055,62.366825103759766,90.218017578125,122.8560562133789
2019-09-13,58.52152633666992,51.059532165527344,58.20106506347656,28.201923370361328,78.5412368774414,80.64483642578125,60.1879768371582,37.92066955566406,61.97296905517578,90.16876220703124,122.60770416259766
2019-09-16,57.561668395996094,50.870384216308594,60.154441833496094,28.102933883666992,78.4719467163086,80.44609832763672,59.6062126159668,38.31373596191406,62.0222053527832,89.9716796875,121.0381088256836
2019-09-17,58.026756286621094,50.920162200927734,59.315921783447266,28.132631301879883,78.43235778808594,80.77401733398438,59.93160629272461,38.85419464111328,62.563751220703125,90.10963439941406,121.7732391357422
2019-09-18,58.05644226074219,50.86043167114258,59.030059814453125,28.23162078857422,78.31358337402344,80.76407623291016,60.03021240234375,38.736270904541016,62.82960510253906,90.09979248046876,121.71363067626952
2019-09-19,58.155399322509766,50.91020584106445,58.87760543823242,28.102933883666992,77.91765594482422,80.94293212890625,60.02035140991211,38.864017486572266,63.124996185302734,90.52349090576172,121.38580322265624
2019-09-20,58.020145416259766,50.579925537109375,58.92567825317383,27.93777656555176,77.42510223388672,79.99901580810547,59.82991027832031,38.69881439208984,63.37504196166992,91.02809143066406,119.99439239501952
2019-09-23,57.88091278076172,50.40031433105469,58.94491195678711,27.98752212524414,77.27584838867188,80.24819946289062,60.067962646484375,38.83730697631836,63.38496780395508,90.54327392578124,120.41300964355467
2019-09-24,57.3836555480957,49.6419677734375,58.01218032836914,27.718891143798828,76.83802795410156,79.47074127197266,60.3159294128418,38.787845611572266,64.129150390625,89.71214294433594,119.1272430419922
2019-09-25,57.6820068359375,50.21072769165039,58.10833740234375,27.947725296020508,77.33555603027344,80.41764831542969,60.3556022644043,38.74827575683594,64.08946228027344,89.27679443359375,120.2136688232422
2019-09-26,57.55271911621094,49.72179412841797,57.348690032958984,27.818382263183594,77.44500732421875,80.5073471069336,60.692840576171875,39.12418746948242,64.42682647705078,88.78207397460938,119.69537353515624
2019-09-27,57.39359664916992,49.16300964355469,57.339073181152344,27.927825927734375,77.13653564453125,79.43087005615234,60.623409271240234,38.86698532104492,64.1986083984375,88.38629913330078,119.2767562866211
2019-09-30,57.88091278076172,49.41246795654297,56.925594329833984,27.85818099975586,77.2459945678711,80.26813507080078,60.92097091674805,38.916446685791016,64.23829650878906,89.17784881591797,120.3033676147461
2019-10-01,56.51842498779297,48.913551330566406,55.60822677612305,27.271169662475582,75.39519500732422,79.52056884765625,60.76227188110352,38.580108642578125,64.08946228027344,88.30714416503906,119.29669189453124
2019-10-02,55.5040168762207,48.1751594543457,54.24278259277344,26.714006423950195,73.9722671508789,78.02545166015625,59.542266845703125,38.34268951416016,63.23612594604492,87.02088165283203,117.15375518798828
2019-10-03,55.702919006347656,48.64413833618164,54.829345703125,26.823448181152344,74.45984649658203,78.9823226928711,59.95885467529297,38.7977409362793,63.38496780395508,87.80253601074219,117.72188568115234
2019-10-04,56.00127410888672,49.302703857421875,55.17551803588867,27.32091522216797,75.23599243164062,80.28807067871094,60.90113830566406,38.97580337524414,64.26806640625,89.17784881591797,118.82823944091795
2019-10-07,55.802371978759766,49.302703857421875,54.68510818481445,27.181625366210938,74.85787200927734,79.94917297363281,60.40520095825195,38.90655899047851,64.02000427246094,88.88101959228516,118.30994415283205
2019-10-08,54.82774353027344,48.50444412231445,53.75237655639648,26.64436149597168,73.70360565185547,78.48395538330078,59.82991027832031,38.71860122680664,63.42465591430664,87.1890869140625,117.06404876708984
2019-10-09,55.44434356689453,48.79381561279297,54.24278259277344,26.893095016479492,74.33049011230469,79.65015411376953,60.286170959472656,38.83730697631836,63.73225784301758,87.82232666015625,118.06076049804688
2019-10-10,55.95154571533203,49.073204040527344,54.92550277709961,27.171674728393555,75.00712585449219,80.19835662841797,60.40520095825195,38.93623352050781,63.66279983520508,88.25767517089844,118.8481674194336
2019-10-11,57.03557205200195,49.65194320678711,55.66592025756836,27.509952545166016,76.42010498046875,81.30474853515625,60.34568405151367,38.80763244628906,63.42465591430664,88.98986053466797,120.19373321533205
2019-10-14,56.6278190612793,49.54218673706055,55.6370735168457,27.54975128173828,76.27084350585938,81.25491333007812,60.04812240600586,38.86698532104492,63.01782989501953,88.95027923583984,120.13392639160156
2019-10-15,57.02562713623047,50.39033889770508,55.86785125732422,27.947725296020508,76.88777160644531,82.15198516845703,59.79023361206055,38.89666366577149,62.81938552856445,90.5729522705078,121.19044494628906
2019-10-16,57.14496994018555,50.48014450073242,55.08897399902344,27.878080368041992,76.84797668457031,81.5838394165039,59.84974670410156,38.84720230102539,62.95829772949219,90.45421600341795,121.68880462646484
2019-10-17,57.29414749145508,50.77949142456055,55.127437591552734,27.897979736328125,77.2260971069336,81.42436218261719,60.127471923828125,39.104400634765625,63.11705780029297,91.12702941894533,122.00775909423828
2019-10-18,57.19469451904297,50.190773010253906,54.83896255493164,27.96762466430664,76.55941009521484,80.64690399169922,60.24649810791016,39.48031234741211,63.32543182373047,90.79063415527344,121.76853942871094
2019-10-21,57.015682220458984,50.49011993408203,55.81977462768555,28.355648040771484,77.01713562011719,81.51406860351562,60.44486999511719,39.747406005859375,63.57349395751953,90.6916961669922,122.19712829589844
2019-10-22,56.77699661254883,50.00118637084961,56.540958404541016,28.27605438232422,77.62411499023438,80.41764831542969,60.4647102355957,39.62869644165039,63.84139633178711,90.88957214355467,121.41969299316406
2019-10-23,57.13502502441406,50.39033889770508,57.01213455200195,28.39544677734375,77.61416625976562,80.48741912841797,60.742435455322266,39.69794464111328,64.0993881225586,91.45355224609376,120.86153411865234
2019-10-24,57.31403732299805,49.82157516479492,56.7717399597168,28.355648040771484,77.72362518310547,81.66358184814453,60.95072937011719,39.549556732177734,64.31768035888672,90.98851776123048,120.80172729492188
2019-10-25,57.940582275390625,50.21072769165039,57.233299255371094,28.494937896728516,78.21119689941406,82.65036010742188,60.59365463256836,39.06483459472656,63.66279983520508,91.08745574951172,120.66218566894533
2019-10-28,58.11959457397461,50.679710388183594,56.9063606262207,28.64418029785156,78.43010711669922,83.69694519042969,60.474632263183594,38.64935302734375,62.78961563110352,92.02742767333984,121.04093933105467
2019-10-29,58.47762298583984,50.22071075439453,57.13713836669922,28.71382522583008,78.68882751464844,82.93941497802734,60.474632263183594,38.74827575683594,62.849151611328125,93.33348083496094,120.35321044921876
2019-10-30,58.527347564697266,50.36040496826172,55.973628997802734,28.693925857543945,78.96743774414062,83.44776153564453,60.75235366821289,39.03515625,63.40481185913086,93.85787963867188,121.10074615478516
2019-10-31,57.87096405029297,50.51007843017578,55.73323059082031,28.55463600158691,78.12164306640625,83.39791870117188,60.6630859375,38.90655899047851,63.752098083496094,93.74903869628906,120.452880859375
2019-11-01,58.68647003173828,50.83936309814453,57.00251770019531,28.972509384155273,79.82318878173828,84.39466857910156,60.653167724609375,38.80763244628906,63.59333419799805,93.8677749633789,121.25025177001952
2019-11-04,59.143951416015625,51.118751525878906,58.858367919921875,29.22124290466309,80.74858856201172,84.83324432373047,60.067962646484375,38.372371673583984,62.779693603515625,93.58084106445312,121.31005096435548
2019-11-05,59.24340057373047,51.138710021972656,58.93529510498047,29.33068466186523,80.91773986816406,84.73356628417969,60.266334533691406,37.7095832824707,62.134727478027344,92.9179229736328,121.48946380615234
2019-11-06,59.203617095947266,50.95909881591797,57.73332214355469,29.47992515563965,80.96749877929688,84.69369506835938,60.51430130004883,37.84807586669922,62.37287139892578,93.23453521728516,121.61903381347656
2019-11-07,59.6014289855957,51.27840423583984,58.59873962402344,29.698810577392575,81.24610900878906,85.36151885986328,60.30601119995117,37.44248962402344,61.52945709228515,93.44232177734376,120.89143371582033
2019-11-08,59.840110778808594,51.4181022644043,58.35834503173828,29.688861846923828,81.3555679321289,85.83995819091797,60.266334533691406,37.37324142456055,61.2714729309082,94.1250228881836,120.94126892089844
2019-11-11,59.750606536865234,51.17862319946289,58.03140640258789,29.60926628112793,81.39537048339844,85.87982940673828,60.17706298828125,37.44248962402344,60.89441680908203,93.73915100097656,120.69208526611328
2019-11-12,60.05890274047851,51.23849105834961,57.73332214355469,29.64906311035156,81.38542175292969,86.16887664794922,60.37544250488281,37.1951789855957,61.04325485229492,94.3031234741211,120.61235809326172
2019-11-13,59.71082305908203,51.218536376953125,57.483306884765625,29.46002769470215,81.0470962524414,86.35826110839844,60.83170700073242,37.57109069824219,61.94620132446289,94.4119644165039,120.2335968017578
2019-11-14,60.07879638671875,51.448036193847656,57.3294563293457,29.51972198486328,81.30581665039062,86.25859069824219,60.811866760253906,37.946998596191406,62.16449737548828,94.42185974121094,120.75189208984376
2019-11-15,60.02907180786133,51.877105712890625,57.77178192138672,29.59931755065918,81.90284729003906,86.95631408691406,60.83170700073242,38.134952545166016,62.362945556640625,96.43041229248048,120.97117614746094
2019-11-18,59.87989044189453,52.05670928955078,57.069828033447266,29.659013748168945,81.5943832397461,87.21546936035156,61.14910507202149,38.34268951416016,62.491939544677734,96.10389709472656,121.3897933959961
2019-11-19,59.750606536865234,52.086647033691406,56.22364044189453,29.71870994567871,81.52472686767578,87.3849105834961,61.06975555419922,38.42183303833008,62.33317947387695,96.75692749023438,120.05419158935548
2019-11-20,59.00471878051758,51.76734161376953,56.79097366333008,29.579418182373047,80.87793731689453,86.85663604736328,61.208614349365234,38.44161605834961,62.710235595703125,96.62831115722656,119.77510833740234
2019-11-21,58.90526580810547,51.907039642333984,57.72370147705078,29.549571990966797,80.84809112548828,86.4180679321289,60.90113830566406,37.927215576171875,62.491939544677734,96.87566375732422,119.09734344482422
2019-11-22,59.00471878051758,51.92699432373047,57.53138732910156,29.768455505371097,81.26600646972656,86.30842590332031,60.80194854736328,37.7095832824707,62.51178359985352,97.2219696044922,119.9146499633789
2019-11-25,59.392578125,52.086647033691406,57.58908462524414,29.957494735717773,81.85309600830078,87.5643310546875,60.87137985229492,37.739261627197266,62.30341339111328,98.3598175048828,120.97117614746094
2019-11-26,59.69093322753906,52.25627517700195,57.060211181640625,29.92764663696289,82.09190368652344,87.64407348632812,61.36731719970703,38.263553619384766,62.51178359985352,98.28065490722656,121.7984390258789
2019-11-27,59.92961502075195,52.6254768371582,57.20444869995117,30.047039031982425,82.01229858398438,88.13247680664062,61.51609802246094,38.38225936889648,62.62093353271485,98.78527069091795,122.8449935913086
2019-11-29,59.71082305908203,52.44586563110352,56.62750244140625,29.997291564941406,81.63418579101562,87.87332916259766,61.49626159667969,38.23387908935547,62.561397552490234,98.43897247314452,122.04761505126952
2019-12-02,59.114112854003906,51.94695281982422,56.62750244140625,29.808252334594727,80.29086303710938,86.61742401123047,61.63512420654297,37.53152084350586,62.15457534790039,98.00362396240234,121.04093933105467
2019-12-03,58.73619842529297,51.84716796875,55.781307220458984,29.390382766723633,79.41520690917969,85.84992218017578,61.53593826293945,37.83818435668945,62.32325744628906,97.78594207763672,119.824951171875
2019-12-04,58.865482330322266,52.116580963134766,56.617889404296875,29.668962478637695,79.72367858886719,86.19879150390625,61.942604064941406,38.03602981567383,62.799537658691406,98.69622039794922,120.49274444580078
2019-12-05,59.163841247558594,52.33610534667969,56.34864044189453,29.808252334594727,79.74357604980469,86.51774597167969,61.92276763916016,38.09538269042969,62.908687591552734,98.69622039794922,120.37313842773438
2019-12-06,59.77049255371094,52.64542770385742,57.42561721801758,30.206228256225582,80.70878601074219,87.47462463378906,62.16081619262695,38.10527801513672,62.720157623291016,99.34925842285156,121.33995056152344
2019-12-09,59.651153564453125,52.44586563110352,57.358306884765625,30.13658332824707,80.40032196044922,87.01612091064453,62.210411071777344,38.15473937988281,62.50186538696289,98.6566390991211,121.48946380615234
2019-12-10,59.29312515258789,52.266258239746094,57.47369384765625,30.146530151367188,80.3008041381836,87.08589172363281,62.01203536987305,37.88764572143555,62.491939544677734,98.87432098388672,121.2801513671875
2019-12-11,59.74065780639648,52.505733489990234,57.377532958984375,30.076885223388672,80.80828857421875,87.6739730834961,62.1013069152832,37.60076522827149,62.66062545776367,98.96336364746094,121.5891342163086
2019-12-12,60.576053619384766,52.56560516357422,58.435272216796875,30.663896560668945,81.52472686767578,88.61091613769531,62.05171203613281,37.14571762084961,62.39271545410156,99.883544921875,122.6556167602539
2019-12-13,60.1086311340332,52.44586563110352,57.992950439453125,30.554454803466797,81.30581665039062,89.1989974975586,62.269920349121094,37.1852912902832,62.8789176940918,99.81428527832033,122.76525115966795
2019-12-16,60.36720657348633,52.96473693847656,58.771827697753906,30.663896560668945,81.26600646972656,89.99639892578125,62.488136291503906,37.47216796875,63.66279983520508,100.8927764892578,123.30348205566406
2019-12-17,60.45671463012695,52.91484451293945,58.8102912902832,30.78329086303711,81.1864013671875,89.78707885742188,62.38895034790039,37.06658172607422,63.87117004394531,100.783935546875,123.85167694091795
2019-12-18,60.37715148925781,53.27406311035156,59.03145217895508,30.653947830200195,80.84809112548828,89.77710723876953,62.28976058959961,37.59087371826172,64.129150390625,100.92245483398438,123.97127532958984
2019-12-19,60.58599853515625,53.76300048828125,59.01222229003906,30.643999099731445,81.06700134277344,90.42499542236328,62.62699890136719,37.946998596191406,64.14900207519531,101.31822967529295,124.35999298095705
2019-12-20,60.880001068115234,53.93000030517578,59.57829284667969,30.68000030517578,81.44000244140625,90.9499969482422,63.099998474121094,38.2400016784668,64.58999633789062,102.03555297851562,124.5500030517578
2019-12-23,61.04999923706055,53.790000915527344,60.19000244140625,30.61000061035156,82.11000061035156,91.20999908447266,62.83000183105469,38.0099983215332,63.9900016784668,102.44290161132812,124.26000213623048
2019-12-24,61.119998931884766,53.779998779296875,60.16086959838867,30.68000030517578,81.77999877929688,91.23999786376952,62.90999984741211,38.060001373291016,64.08000183105469,102.3137435913086,124.54000091552734
2019-12-26,61.38999938964844,54.189998626708984,60.141448974609375,30.850000381469727,81.97000122070312,91.91999816894533,62.970001220703125,38.290000915527344,64.19000244140625,102.24420166015624,126.05999755859376
2019-12-27,61.15999984741211,54.09000015258789,59.88900375366211,30.770000457763672,81.9000015258789,91.91000366210938,63.25,38.43000030517578,64.37999725341797,102.27400207519533,126.0500030517578
2019-12-30,60.970001220703125,53.529998779296875,59.70000076293945,30.68000030517578,81.5199966430664,91.37999725341795,62.91999816894531,38.400001525878906,64.37000274658203,101.66000366210938,125.23999786376952
2019-12-31,61.41999816894531,53.630001068115234,60.040000915527344,30.780000686645508,81.47000122070312,91.66999816894533,62.97999954223633,38.66999816894531,64.62000274658203,101.86000061035156,125.41999816894533
